<?xml version="1.0" encoding="UTF-8"?>
<project-private xmlns="http://www.netbeans.org/ns/project-private/1">
    <editor-bookmarks xmlns="http://www.netbeans.org/ns/editor-bookmarks/2" lastBookmarkId="0"/>
    <open-files xmlns="http://www.netbeans.org/ns/projectui-open-files/2">
        <group>
            <file>file:/C:/Users/W11/Documents/NetBeansProjects/EVA_2_4_ListaEnLaSala/src/eva_2_4_listaenlasala/Nodo.java</file>
            <file>file:/C:/Users/W11/Documents/NetBeansProjects/EVA_2_4_ListaEnLaSala/src/eva_2_4_listaenlasala/EVA2_4_ListaEnlazada.java</file>
            <file>file:/C:/Users/W11/Documents/NetBeansProjects/EVA_2_4_ListaEnLaSala/src/eva_2_4_listaenlasala/Lista.java</file>
            <file>file:/C:/Users/W11/Documents/NetBeansProjects/EVA_2_4_ListaEnLaSala/src/eva_2_4_listaenlasala/ListaSimple.java</file>
        </group>
    </open-files>
</project-private>
