<?xml version="1.0" encoding="UTF-8"?>
<project-private xmlns="http://www.netbeans.org/ns/project-private/1">
    <editor-bookmarks xmlns="http://www.netbeans.org/ns/editor-bookmarks/2" lastBookmarkId="0"/>
    <open-files xmlns="http://www.netbeans.org/ns/projectui-open-files/2">
        <group>
            <file>file:/C:/Users/W11/Documents/NetBeansProjects/EVA_2_7_Queue/src/eva_2_7_queue/MyQueue.java</file>
            <file>file:/C:/Users/W11/Documents/NetBeansProjects/EVA_2_7_Queue/src/eva_2_7_queue/EVA_2_7_Queue.java</file>
        </group>
    </open-files>
</project-private>
